Month,Forecasted_Revenue
2025-03,22818059.33314043
2025-04,22637347.05382526
2025-05,22749547.797927476
2025-06,22679884.535282575
2025-07,22723137.10193143
2025-08,22696282.423429653
2025-09,22712955.9716907
2025-10,22702603.68943958
2025-11,22709031.22040833
2025-12,22705040.491277102
2026-01,22707518.25747944
2026-02,22705979.86057212
2026-03,22706935.021330316
2026-04,22706341.98056843
2026-05,22706710.18805836
2026-06,22706481.575179864
2026-07,22706623.516475584
2026-08,22706535.387882113
2026-09,22706590.105214003
2026-10,22706556.132285453
2026-11,22706577.225416906
2026-12,22706564.129101295
2027-01,22706572.260349277
2027-02,22706567.211815346
2027-03,22706570.346352004
2027-04,22706568.400179077
2027-05,22706569.608520046
2027-06,22706568.85828461
2027-07,22706569.324091222
2027-08,22706569.034880947
2027-09,22706569.21444599
2027-10,22706569.102957543
2027-11,22706569.172178555
2027-12,22706569.129200574
2028-01,22706569.15588477
2028-02,22706569.139317073
