Month,Forecasted_Revenue
2025-03,22818059.33314043
2025-04,22637347.05382526
2025-05,22749547.797927476
2025-06,22679884.535282575
2025-07,22723137.10193143
2025-08,22696282.423429653
2025-09,22712955.9716907
2025-10,22702603.68943958
2025-11,22709031.22040833
2025-12,22705040.491277102
2026-01,22707518.25747944
2026-02,22705979.86057212
