Month,Forecasted Revenue
2025-03,22818059.33314043
2025-04,22637347.05382526
2025-05,22749547.797927476
2025-06,22679884.535282575
2025-07,22723137.10193143
2025-08,22696282.423429653
